Workbook

Sheet Benchmark_Data
A1: id | B1: query | C1: gold_answer | D1: country | E1: subcategory | F1: category | G1: difficulty | H1: answer_type | I1: source_reference
A2: SA_001 | B2: What are the main spices used in Hyderabadi Dum Biryani? | C2: Hyderabadi Dum Biryani typically includes basmati rice, yogurt, saffron, cardamom, cloves, cinnamon, and garam masala. | D2: India | E2: Hyderabadi cuisine | F2: Ingredient | G2: easy | H2: extractive | I2: Wikipedia - Hyderabadi Dum Biryani
A3: SA_002 | B3: How is naan traditionally cooked? | C3: Naan is traditionally cooked in a tandoor, a cylindrical clay oven that uses high heat. | D3: India | E3: Punjabi cuisine | F3: Cooking Method | G3: easy | H3: extractive | I3: Wikipedia - Naan
A4: SA_003 | B4: What is the main staple food in Bangladeshi cuisine? | C4: Rice is the primary staple food in Bangladeshi cuisine and is commonly served with various curries. | D4: Bangladesh | E4: Bengali cuisine | F4: Ingredient | G4: easy | H4: extractive | I4: Wikipedia - Bangladeshi cuisine
A5: SA_004 | B5: What is dal-bhat-tarkari? | C5: Dal-bhat-tarkari is a traditional Nepali meal consisting of lentil soup (dal), rice (bhat), and vegetable curry (tarkari). | D5: Nepal | E5: Nepalese cuisine | F5: Definition | G5: easy | H5: extractive | I5: Wikipedia - Nepalese cuisine
A6: SA_005 | B6: What ingredients form the base of traditional Maldivian cuisine? | C6: Traditional Maldivian cuisine is based primarily on fish, coconut, and starches such as rice and bread. | D6: Maldives | E6: Maldivian cuisine | F6: Ingredient | G6: medium | H6: extractive | I6: Wikipedia - Maldivian cuisine
A7: SA_006 | B7: What is Ema Datshi and what are its main ingredients? | C7: Ema Datshi is Bhutan’s national dish made mainly from chili peppers and cheese, often served with red rice. | D7: Bhutan | E7: Bhutanese cuisine | F7: Definition | G7: medium | H7: extractive | I7: Wikipedia - Bhutanese cuisine
A8: SA_007 | B8: How has Mughal influence shaped Pakistani cuisine? | C8: Pakistani cuisine inherited many rich meat dishes and aromatic rice preparations from the Mughal era. | D8: Pakistan | E8: Mughlai cuisine | F8: Cultural | G8: medium | H8: multi_chunk | I8: Wikipedia - Pakistani cuisine
A9: SA_008 | B9: What type of rice is commonly used in Afghan Kabuli palaw? | C9: Kabuli palaw is typically prepared using long-grain rice, often basmati rice. | D9: Afghanistan | E9: Afghan cuisine | F9: Ingredient | G9: medium | H9: extractive | I9: Wikipedia - Afghan cuisine
A10: SA_009 | B10: How does Sindhi biryani differ from Hyderabadi biryani? | C10: Sindhi biryani is known for its spicy and tangy flavor and often includes potatoes, while Hyderabadi biryani emphasizes aromatic basmati rice and the dum cooking method. | D10: Pakistan | E10: Sindhi cuisine | F10: Comparison | G10: hard | H10: multi_chunk | I10: Wikipedia - Sindhi biryani & Hyderabadi biryani
A11: SA_010 | B11: How does Sri Lankan rice and curry differ from a North Indian thali? | C11: Sri Lankan rice and curry typically features coconut-based curries and stronger spice profiles, while North Indian thali often includes wheat-based breads and dairy-rich dishes. | D11: Sri Lanka | E11: Sri Lankan cuisine | F11: Comparison | G11: hard | H11: multi_chunk | I11: Wikipedia - Sri Lankan cuisine & North Indian cuisine
A12: SA_011 | B12: What vegetables are typically used in Aloo Gobi? | C12: Aloo Gobi typically includes potatoes, cauliflower, turmeric, cumin, and other Indian spices. | D12: India | E12: North Indian cuisine | F12: Ingredient | G12: easy | H12: extractive | I12: Wikibooks - Cookbook:Aloo Gobi
... A31: SA_030 | B31: How does Maldivian cuisine reflect reliance on marine resources? | C31: Maldivian cuisine heavily relies on fish as a primary protein source, often combined with coconut and starches. | D31: Maldives | E31: Maldivian cuisine | F31: Cultural | G31: medium | H31: extractive | I31: Wikipedia - Maldivian cuisine

Sheet Distribution_Tracker
A1: Country Distribution
A2: Country | B2: Target | C2: Current | D2: Remaining
A3: India | B3: 40 | C3: =COUNTIF(Benchmark_Data!D:D,A3) -> 16 | D3: =B3-C3 -> 24
A4: Pakistan | B4: 20 | C4: =COUNTIF(Benchmark_Data!D:D,A4) -> 3 | D4: =B4-C4 -> 17
A5: Bangladesh | B5: 20 | C5: =COUNTIF(Benchmark_Data!D:D,A5) -> 3 | D5: =B5-C5 -> 17
A6: Sri Lanka | B6: 20 | C6: =COUNTIF(Benchmark_Data!D:D,A6) -> 2 | D6: =B6-C6 -> 18
A7: Nepal | B7: 15 | C7: =COUNTIF(Benchmark_Data!D:D,A7) -> 1 | D7: =B7-C7 -> 14
A8: Afghanistan | B8: 15 | C8: =COUNTIF(Benchmark_Data!D:D,A8) -> 2 | D8: =B8-C8 -> 13
A9: Maldives | B9: 10 | C9: =COUNTIF(Benchmark_Data!D:D,A9) -> 2 | D9: =B9-C9 -> 8
A10: Bhutan | B10: 10 | C10: =COUNTIF(Benchmark_Data!D:D,A10) -> 1 | D10: =B10-C10 -> 9
A12: Category Distribution
A14: Category | B14: Target
A15: Ingredient | B15: 35 | C15: =COUNTIF(Benchmark_Data!F:F,A15) -> 5 | D15: =B15-C15 -> 30
A16: Cooking Method | B16: 25 | C16: =COUNTIF(Benchmark_Data!F:F,A16) -> 5 | D16: =B16-C16 -> 20
A17: Cultural | B17: 30 | C17: =COUNTIF(Benchmark_Data!F:F,A17) -> 7 | D17: =B17-C17 -> 23
A18: Definition | B18: 25 | C18: =COUNTIF(Benchmark_Data!F:F,A18) -> 3 | D18: =B18-C18 -> 22
A19: Comparison | B19: 20 | C19: =COUNTIF(Benchmark_Data!F:F,A19) -> 5 | D19: =B19-C19 -> 15
A20: Multi-hop | B20: 15 | C20: =COUNTIF(Benchmark_Data!F:F,A20) -> 5 | D20: =B20-C20 -> 10
A22: Difficulty Distribution
A24: Difficulty | B24: Target
A25: easy | B25: 65 | C25: =COUNTIF(Benchmark_Data!G:G,A25) -> 5 | D25: =B25-C25 -> 60
A26: medium | B26: 60 | C26: =COUNTIF(Benchmark_Data!G:G,A26) -> 12 | D26: =B26-C26 -> 48
A27: hard | B27: 25 | C27: =COUNTIF(Benchmark_Data!G:G,A27) -> 13 | D27: =B27-C27 -> 12
